group,function,value,sample_time_nanos,iteration_count
hash_to_fq {},,,1002900.0,106
hash_to_fq {},,,1986700.0,212
hash_to_fq {},,,3011500.0,318
hash_to_fq {},,,4283800.0,424
hash_to_fq {},,,4969500.0,530
hash_to_fq {},,,6106300.0,636
hash_to_fq {},,,6945600.0,742
hash_to_fq {},,,7975600.0,848
hash_to_fq {},,,8948200.0,954
hash_to_fq {},,,9977300.0,1060
hash_to_fq {},,,10933200.0,1166
hash_to_fq {},,,11925400.0,1272
hash_to_fq {},,,12898200.0,1378
hash_to_fq {},,,13899200.0,1484
hash_to_fq {},,,14889800.0,1590
hash_to_fq {},,,15878500.0,1696
hash_to_fq {},,,16877200.0,1802
hash_to_fq {},,,17893500.0,1908
hash_to_fq {},,,18888500.0,2014
hash_to_fq {},,,19924700.0,2120
hash_to_fq {},,,20854900.0,2226
hash_to_fq {},,,21825900.0,2332
hash_to_fq {},,,22921600.0,2438
hash_to_fq {},,,23813400.0,2544
hash_to_fq {},,,24806200.0,2650
hash_to_fq {},,,25745800.0,2756
hash_to_fq {},,,26735000.0,2862
hash_to_fq {},,,27404200.0,2968
hash_to_fq {},,,28536300.0,3074
hash_to_fq {},,,29374600.0,3180
hash_to_fq {},,,30596200.0,3286
hash_to_fq {},,,31739400.0,3392
hash_to_fq {},,,32787100.0,3498
hash_to_fq {},,,33762300.0,3604
hash_to_fq {},,,35045800.0,3710
hash_to_fq {},,,38870000.0,3816
hash_to_fq {},,,41540600.0,3922
hash_to_fq {},,,38326700.0,4028
hash_to_fq {},,,39566100.0,4134
hash_to_fq {},,,40266200.0,4240
hash_to_fq {},,,41212500.0,4346
hash_to_fq {},,,42090600.0,4452
hash_to_fq {},,,43323300.0,4558
hash_to_fq {},,,43832100.0,4664
hash_to_fq {},,,44827500.0,4770
hash_to_fq {},,,45657700.0,4876
hash_to_fq {},,,46840700.0,4982
hash_to_fq {},,,47885400.0,5088
hash_to_fq {},,,48671400.0,5194
hash_to_fq {},,,49626400.0,5300
hash_to_fq {},,,50719700.0,5406
hash_to_fq {},,,51866300.0,5512
hash_to_fq {},,,53093200.0,5618
hash_to_fq {},,,54551600.0,5724
hash_to_fq {},,,55417900.0,5830
hash_to_fq {},,,55735300.0,5936
hash_to_fq {},,,57615200.0,6042
hash_to_fq {},,,57588700.0,6148
hash_to_fq {},,,59067200.0,6254
hash_to_fq {},,,60634800.0,6360
hash_to_fq {},,,60884300.0,6466
hash_to_fq {},,,61574400.0,6572
hash_to_fq {},,,62607000.0,6678
hash_to_fq {},,,63612900.0,6784
hash_to_fq {},,,62933800.0,6890
hash_to_fq {},,,64039300.0,6996
hash_to_fq {},,,64839700.0,7102
hash_to_fq {},,,65194500.0,7208
hash_to_fq {},,,66156100.0,7314
hash_to_fq {},,,67155000.0,7420
hash_to_fq {},,,68187100.0,7526
hash_to_fq {},,,68685400.0,7632
hash_to_fq {},,,70329100.0,7738
hash_to_fq {},,,71236700.0,7844
hash_to_fq {},,,69375000.0,7950
hash_to_fq {},,,75627400.0,8056
hash_to_fq {},,,73706500.0,8162
hash_to_fq {},,,75746800.0,8268
hash_to_fq {},,,75760200.0,8374
hash_to_fq {},,,76044600.0,8480
hash_to_fq {},,,76010400.0,8586
hash_to_fq {},,,76758100.0,8692
hash_to_fq {},,,78109300.0,8798
hash_to_fq {},,,79007500.0,8904
hash_to_fq {},,,79889200.0,9010
hash_to_fq {},,,81101100.0,9116
hash_to_fq {},,,86309800.0,9222
hash_to_fq {},,,84535000.0,9328
hash_to_fq {},,,86791800.0,9434
hash_to_fq {},,,88493200.0,9540
hash_to_fq {},,,88486200.0,9646
hash_to_fq {},,,88311900.0,9752
hash_to_fq {},,,88081200.0,9858
hash_to_fq {},,,89282800.0,9964
hash_to_fq {},,,89496500.0,10070
hash_to_fq {},,,89877500.0,10176
hash_to_fq {},,,91238200.0,10282
hash_to_fq {},,,92715900.0,10388
hash_to_fq {},,,95228700.0,10494
hash_to_fq {},,,96168200.0,10600
